timestamp,method,chosen_path,path_a_bytes,path_b_bytes,path_switches
14:27:29,least_utilized,A,0,0,0
14:27:31,least_utilized,A,0,0,0
14:27:33,least_utilized,A,0,0,0
14:27:35,least_utilized,A,0,0,0
14:27:38,least_utilized,A,0,0,0
14:27:40,least_utilized,A,0,0,0
14:27:42,least_utilized,A,0,0,0
14:27:44,least_utilized,A,0,0,0
14:27:46,least_utilized,A,0,0,0
14:27:48,least_utilized,A,0,0,0
14:27:50,least_utilized,A,0,0,0
14:27:53,least_utilized,A,0,0,0
14:27:55,least_utilized,A,0,0,0
14:27:57,least_utilized,A,0,0,0
14:27:59,least_utilized,A,0,0,0
14:28:01,least_utilized,A,0,0,0
14:28:03,least_utilized,A,0,0,0
14:28:05,least_utilized,A,0,0,0
14:28:08,least_utilized,A,0,0,0
14:28:10,least_utilized,A,0,0,0
14:28:12,least_utilized,A,0,0,0
14:28:14,least_utilized,A,0,0,0
14:28:16,least_utilized,A,0,0,0
14:28:18,least_utilized,A,0,0,0
14:28:20,least_utilized,A,0,0,0
14:28:23,least_utilized,A,0,0,0
14:28:25,least_utilized,A,0,0,0
14:28:27,least_utilized,A,0,0,0
14:28:29,least_utilized,A,0,0,0
14:49:23,round_robin,A,0,0,0
14:49:25,round_robin,B,0,0,1
14:49:27,round_robin,A,0,0,2
14:49:29,round_robin,B,0,0,3
14:49:31,round_robin,A,0,0,4
14:49:34,round_robin,B,0,0,5
14:49:36,round_robin,A,0,0,6
14:49:38,round_robin,B,0,0,7
14:49:40,round_robin,A,0,0,8
14:49:42,round_robin,B,0,0,9
14:49:44,round_robin,A,0,0,10
14:49:46,round_robin,B,0,0,11
14:49:48,round_robin,A,0,0,12
14:49:50,round_robin,B,0,0,13
14:49:53,round_robin,A,0,0,14
14:49:55,round_robin,B,0,0,15
14:49:57,round_robin,A,0,0,16
14:49:59,round_robin,B,0,0,17
14:50:01,round_robin,A,0,0,18
14:50:03,round_robin,B,0,0,19
14:50:05,round_robin,A,0,0,20
14:50:07,round_robin,B,0,0,21
14:50:09,round_robin,A,0,0,22
14:50:11,round_robin,B,0,0,23
14:50:13,round_robin,A,0,0,24
14:50:15,round_robin,B,0,0,25
14:50:17,round_robin,A,0,0,26
14:50:19,round_robin,B,0,0,27
14:50:21,round_robin,A,0,0,28
14:53:49,ecmp,A,0,0,0
14:53:51,ecmp,A,0,0,0
14:53:53,ecmp,A,0,0,0
14:53:55,ecmp,A,0,0,0
14:53:57,ecmp,A,0,0,0
14:54:00,ecmp,A,0,0,0
14:54:02,ecmp,A,0,0,0
14:54:04,ecmp,A,0,0,0
14:54:06,ecmp,A,0,0,0
14:54:08,ecmp,A,0,0,0
14:54:10,ecmp,A,0,0,0
14:54:12,ecmp,A,0,0,0
14:54:14,ecmp,A,0,0,0
14:54:16,ecmp,A,0,0,0
14:54:18,ecmp,A,0,0,0
14:54:20,ecmp,A,0,0,0
14:54:22,ecmp,A,0,0,0
14:54:24,ecmp,A,0,0,0
14:54:26,ecmp,A,0,0,0
14:54:28,ecmp,A,0,0,0
14:54:30,ecmp,A,0,0,0
14:54:32,ecmp,A,0,0,0
14:54:34,ecmp,A,0,0,0
14:54:36,ecmp,A,0,0,0
14:54:38,ecmp,A,0,0,0
14:54:40,ecmp,A,0,0,0
14:54:42,ecmp,A,0,0,0
14:54:44,ecmp,A,0,0,0
14:54:46,ecmp,A,0,0,0
14:54:48,ecmp,A,0,0,0
14:57:14,weighted_history,A,0,0,0
14:57:16,weighted_history,A,0,0,0
14:57:18,weighted_history,A,0,0,0
14:57:20,weighted_history,A,0,0,0
14:57:22,weighted_history,A,0,0,0
14:57:24,weighted_history,A,0,0,0
14:57:26,weighted_history,A,0,0,0
14:57:28,weighted_history,A,0,0,0
14:57:30,weighted_history,A,0,0,0
14:57:32,weighted_history,A,0,0,0
14:57:34,weighted_history,A,0,0,0
14:57:36,weighted_history,A,0,0,0
14:57:38,weighted_history,A,0,0,0
14:57:40,weighted_history,A,0,0,0
14:57:42,weighted_history,A,0,0,0
14:57:45,weighted_history,A,0,0,0
14:57:47,weighted_history,A,0,0,0
14:57:49,weighted_history,A,0,0,0
14:57:51,weighted_history,A,0,0,0
14:57:53,weighted_history,A,0,0,0
14:57:55,weighted_history,A,0,0,0
14:57:57,weighted_history,A,0,0,0
14:57:59,weighted_history,A,0,0,0
14:58:01,weighted_history,A,0,0,0
14:58:03,weighted_history,A,0,0,0
14:58:05,weighted_history,A,0,0,0
14:58:07,weighted_history,A,0,0,0
14:58:09,weighted_history,A,0,0,0
14:58:11,weighted_history,A,0,0,0
14:58:13,weighted_history,A,0,0,0
08:35:56,round_robin,A,0,0,0
08:35:58,round_robin,B,0,0,1
08:36:00,round_robin,A,0,0,2
08:36:03,round_robin,B,0,0,3
08:36:05,round_robin,A,0,0,4
08:36:19,round_robin,A,0,0,0
08:36:21,round_robin,B,0,0,1
08:36:23,round_robin,A,0,0,2
08:36:25,round_robin,B,0,0,3
08:36:27,round_robin,A,0,0,4
08:36:30,round_robin,B,0,0,5
08:36:32,round_robin,A,0,0,6
08:36:34,round_robin,B,0,0,7
08:36:36,round_robin,A,0,0,8
08:36:38,round_robin,B,0,0,9
08:36:40,round_robin,A,0,0,10
08:36:42,round_robin,B,0,0,11
08:36:44,round_robin,A,0,0,12
08:36:46,round_robin,B,0,0,13
08:36:48,round_robin,A,0,0,14
08:36:50,round_robin,B,0,0,15
08:36:52,round_robin,A,0,0,16
08:36:54,round_robin,B,0,0,17
08:36:56,round_robin,A,0,0,18
08:36:58,round_robin,B,0,0,19
08:37:00,round_robin,A,0,0,20
08:37:02,round_robin,B,0,0,21
08:37:04,round_robin,A,0,0,22
08:37:06,round_robin,B,0,0,23
08:37:08,round_robin,A,0,0,24
08:37:11,round_robin,B,0,0,25
08:37:13,round_robin,A,0,0,26
08:37:15,round_robin,B,0,0,27
08:37:17,round_robin,A,0,0,28
08:37:19,round_robin,B,0,0,29
08:40:39,round_robin,A,0,0,0
08:40:41,round_robin,B,0,0,1
08:40:44,round_robin,A,0,0,2
08:40:46,round_robin,B,0,0,3
08:40:48,round_robin,A,0,0,4
08:40:50,round_robin,B,0,0,5
08:40:52,round_robin,A,0,0,6
08:40:55,round_robin,B,0,0,7
08:40:57,round_robin,A,0,0,8
08:40:59,round_robin,B,0,0,9
08:41:01,round_robin,A,0,0,10
08:41:03,round_robin,B,0,0,11
08:41:05,round_robin,A,0,0,12
08:41:08,round_robin,B,0,0,13
08:41:10,round_robin,A,0,0,14
08:41:12,round_robin,B,0,0,15
08:41:14,round_robin,A,0,0,16
08:41:16,round_robin,B,0,0,17
08:41:19,round_robin,A,0,0,18
08:41:21,round_robin,B,0,0,19
08:41:23,round_robin,A,0,0,20
08:41:25,round_robin,B,0,0,21
08:41:27,round_robin,A,0,0,22
08:41:30,round_robin,B,0,0,23
08:41:32,round_robin,A,0,0,24
08:41:34,round_robin,B,0,0,25
08:41:36,round_robin,A,0,0,26
08:41:38,round_robin,B,0,0,27
08:49:10,round_robin,A,0,0,0
08:49:12,round_robin,B,0,0,1
08:49:14,round_robin,A,0,0,2
08:49:16,round_robin,B,0,0,3
08:49:18,round_robin,A,0,0,4
08:49:20,round_robin,B,0,0,5
08:49:22,round_robin,A,0,0,6
08:49:24,round_robin,B,0,0,7
08:49:26,round_robin,A,0,0,8
08:49:28,round_robin,B,0,0,9
08:49:30,round_robin,A,0,0,10
08:49:32,round_robin,B,0,0,11
08:49:34,round_robin,A,0,0,12
08:49:36,round_robin,B,0,0,13
08:49:38,round_robin,A,0,0,14
08:49:40,round_robin,B,0,0,15
08:49:43,round_robin,A,0,0,16
08:49:45,round_robin,B,0,0,17
08:49:47,round_robin,A,0,0,18
08:49:49,round_robin,B,0,0,19
08:49:51,round_robin,A,0,0,20
08:49:53,round_robin,B,0,0,21
08:49:55,round_robin,A,0,0,22
08:49:57,round_robin,B,0,0,23
08:49:59,round_robin,A,0,0,24
08:50:01,round_robin,B,0,0,25
08:50:03,round_robin,A,0,0,26
08:50:05,round_robin,B,0,0,27
08:50:07,round_robin,A,0,0,28
08:50:09,round_robin,B,0,0,29
09:01:21,least_utilized,A,0,0,0
09:01:23,least_utilized,A,0,0,0
09:01:25,least_utilized,A,0,0,0
09:01:27,least_utilized,A,0,0,0
09:01:29,least_utilized,A,0,0,0
09:01:31,least_utilized,A,0,0,0
09:01:33,least_utilized,A,0,0,0
09:01:35,least_utilized,A,0,0,0
09:01:37,least_utilized,A,0,0,0
09:01:39,least_utilized,A,0,0,0
09:01:41,least_utilized,A,0,0,0
09:01:43,least_utilized,A,0,0,0
09:01:45,least_utilized,A,0,0,0
09:01:47,least_utilized,A,0,0,0
09:01:50,least_utilized,A,0,0,0
09:01:52,least_utilized,A,0,0,0
09:01:54,least_utilized,A,0,0,0
09:01:56,least_utilized,A,0,0,0
09:01:58,least_utilized,A,0,0,0
09:02:00,least_utilized,A,0,0,0
09:02:02,least_utilized,A,0,0,0
09:02:04,least_utilized,A,0,0,0
09:02:06,least_utilized,A,0,0,0
09:02:08,least_utilized,A,0,0,0
09:02:10,least_utilized,A,0,0,0
09:02:12,least_utilized,A,0,0,0
09:02:14,least_utilized,A,0,0,0
09:02:16,least_utilized,A,0,0,0
09:02:18,least_utilized,A,0,0,0
09:02:20,least_utilized,A,0,0,0
12:48:55,least_utilized,A,0,0,0
12:48:57,least_utilized,A,0,0,0
12:48:59,least_utilized,A,0,0,0
12:49:02,least_utilized,A,0,0,0
12:49:04,least_utilized,A,0,0,0
12:49:06,least_utilized,A,0,0,0
12:49:08,least_utilized,A,0,0,0
12:49:10,least_utilized,A,0,0,0
12:49:12,least_utilized,A,0,0,0
12:49:14,least_utilized,A,0,0,0
12:49:16,least_utilized,A,0,0,0
12:49:18,least_utilized,A,0,0,0
12:49:20,least_utilized,A,0,0,0
12:49:22,least_utilized,A,0,0,0
12:49:24,least_utilized,A,0,0,0
12:49:27,least_utilized,A,0,0,0
12:49:29,least_utilized,A,0,0,0
12:49:31,least_utilized,A,0,0,0
12:49:33,least_utilized,A,0,0,0
12:49:35,least_utilized,A,0,0,0
12:49:37,least_utilized,A,0,0,0
12:49:39,least_utilized,A,0,0,0
12:49:41,least_utilized,A,0,0,0
12:49:43,least_utilized,A,0,0,0
12:49:45,least_utilized,A,0,0,0
12:49:47,least_utilized,A,0,0,0
12:49:50,least_utilized,A,0,0,0
12:49:52,least_utilized,A,0,0,0
12:49:54,least_utilized,A,0,0,0
21:57:15,least_utilized,B,7943525203,2718022737,1
21:57:18,least_utilized,B,7976638465,2729825997,1
21:57:20,least_utilized,B,8010892279,2740413777,1
21:57:22,least_utilized,B,8045369407,2751201267,1
21:57:25,least_utilized,B,8078032807,2762012109,1
21:57:27,least_utilized,B,8108912005,2772408747,1
21:57:29,least_utilized,B,8140224223,2782368081,1
21:57:32,least_utilized,B,8174871199,2793109455,1
21:57:34,least_utilized,B,8205066343,2803418523,1
21:57:36,least_utilized,B,8237838313,2815202799,1
21:57:39,least_utilized,B,8270962537,2826494541,1
21:57:41,least_utilized,B,8305665457,2837956719,1
21:57:43,least_utilized,B,8338535035,2848555503,1
21:57:46,least_utilized,B,8373190369,2859018249,1
21:57:48,least_utilized,B,8406634927,2869079517,1
21:57:51,least_utilized,B,8439515131,2879432727,1
21:57:53,least_utilized,B,8472168955,2890661385,1
21:57:55,least_utilized,B,8506471657,2902534281,1
21:57:58,least_utilized,B,8541693865,2914025481,1
21:58:00,least_utilized,B,8573278033,2924873451,1
21:58:02,least_utilized,B,8606370883,2935205073,1
21:58:05,least_utilized,B,8642065843,2947057515,1
21:58:07,least_utilized,B,8674900603,2958770769,1
21:58:10,least_utilized,B,8709544303,2969277321,1
21:58:12,least_utilized,B,8742791587,2981695881,1
21:58:14,least_utilized,B,8775548017,2991880881,1
22:01:24,least_utilized,B,333095154,142625284,1
22:01:26,least_utilized,B,353007162,149277076,1
22:01:28,least_utilized,B,373687836,156141262,1
22:01:30,least_utilized,B,394106778,162962566,1
22:01:32,least_utilized,B,414685710,169817554,1
22:01:35,least_utilized,B,434904780,176545492,1
22:01:37,least_utilized,B,455261388,183347980,1
22:01:39,least_utilized,B,476150094,190305868,1
22:01:41,least_utilized,B,498737916,197856418,1
22:01:43,least_utilized,B,520152456,204996376,1
22:01:45,least_utilized,B,540994272,211929022,1
22:01:47,least_utilized,B,559052466,217920616,1
22:01:49,least_utilized,B,575473740,223470622,1
22:01:51,least_utilized,B,594167496,229650880,1
22:01:53,least_utilized,B,613906080,236217580,1
22:01:55,least_utilized,B,633843288,242872508,1
22:01:58,least_utilized,B,653194146,249315644,1
22:02:00,least_utilized,B,671860985,255524485,1
22:02:02,least_utilized,B,691516673,262077073,1
22:02:04,least_utilized,B,711660563,268808329,1
22:02:06,least_utilized,B,730759583,275170951,1
22:02:08,least_utilized,B,750186455,281642437,1
22:02:10,least_utilized,B,768899043,287927611,1
22:02:12,least_utilized,B,788186223,294313543,1
22:02:14,least_utilized,B,808009581,300895489,1
22:02:16,least_utilized,B,829456437,308066947,1
22:02:18,least_utilized,B,849205635,314641291,1
22:02:21,least_utilized,B,867836301,320842591,1
22:02:23,least_utilized,B,889276113,327998803,1
22:11:24,least_utilized,A,0,0,0
22:11:26,least_utilized,B,9501696.296038242,3171011.8553628023,1
22:11:28,least_utilized,B,9455664.944888433,3147318.9608210144,1
22:11:30,least_utilized,B,9974704.29038269,3316474.8002168066,1
22:11:32,least_utilized,B,10874318.172949465,3621929.3292025425,1
22:11:34,least_utilized,B,9909291.441174107,3310496.7003967017,1
22:11:36,least_utilized,B,9489777.055570276,3163055.8034034707,1
22:11:39,least_utilized,B,10237897.691129575,3418155.9657415403,1
22:11:41,least_utilized,B,10116308.066072302,3366679.673052802,1
22:11:43,least_utilized,B,11340533.799912425,3775789.471736167,1
22:11:45,least_utilized,B,9665989.029807894,3227301.7395562134,1
22:11:47,least_utilized,B,9410334.616528142,3125683.6335155303,1
22:11:49,least_utilized,B,9172185.591292603,3063504.554393955,1
22:11:51,least_utilized,B,10223153.360505471,3411448.311163576,1
22:11:53,least_utilized,B,10700879.080297759,3560145.338747216,1
22:11:55,least_utilized,B,9633397.19951691,3226561.689307008,1
22:11:57,least_utilized,B,9627369.39795813,3193324.3479122026,1
22:11:59,least_utilized,B,9538352.649968548,3194253.446616628,1
22:12:01,least_utilized,B,9724534.105731897,3223901.5141292033,1
22:12:04,least_utilized,B,10420295.636179546,3481373.518855481,1
22:12:06,least_utilized,B,9994481.13033946,3330334.6533608334,1
22:12:08,least_utilized,B,10319520.842975065,3451183.793857442,1
22:12:10,least_utilized,B,10276328.434259545,3406805.714191849,1
22:12:12,least_utilized,B,9450092.36303782,3165247.3886925317,1
22:12:14,least_utilized,B,10815239.157579219,3594424.5396155454,1
22:12:16,least_utilized,B,10805063.069355832,3595930.931100911,1
22:12:18,least_utilized,B,10285537.956175959,3429373.888434784,1
22:12:20,least_utilized,B,10216589.43265687,3409077.839494302,1
22:12:22,least_utilized,B,10136864.830685232,3382338.3875171402,1
22:14:42,least_utilized,A,0,0,0
22:14:44,least_utilized,B,10286148.147342602,3428373.054491106,1
22:14:46,least_utilized,B,10445590.614907496,3469992.772804963,1
22:14:48,least_utilized,B,10109149.835918084,3378789.728763965,1
22:14:50,least_utilized,B,10215861.69753541,3406480.665958507,1
22:14:52,least_utilized,B,10237605.880209668,3415951.1106924373,1
22:14:54,least_utilized,B,10158658.383156395,3381288.1800571023,1
22:14:56,least_utilized,B,10143335.010186084,3390258.019326572,1
22:14:58,least_utilized,B,10399924.156797683,3448065.1443923847,1
22:15:01,least_utilized,B,10502294.420302153,3494778.4982029092,1
22:15:03,least_utilized,B,10035524.586657574,3355163.5439319527,1
22:15:05,least_utilized,B,10244366.6956013,3417494.7849767,1
22:15:07,least_utilized,B,10338321.516854538,3443829.3332597576,1
22:15:09,least_utilized,B,9327277.273402037,3115329.62566913,1
22:15:11,least_utilized,B,9602861.50127433,3221985.778088117,1
22:15:13,least_utilized,B,10681397.798573283,3536990.7164023896,1
22:15:15,least_utilized,B,10687400.664437616,3554180.9561966006,1
22:15:17,least_utilized,B,10552514.524994994,3532716.8126276894,1
22:15:19,least_utilized,B,10987076.63467083,3660687.1141827377,1
22:15:21,least_utilized,B,10892769.023401264,3616158.765330143,1
22:15:23,least_utilized,B,10650491.841632143,3563570.971423491,1
22:15:26,least_utilized,B,10968708.640403863,3664017.9318607845,1
22:15:28,least_utilized,B,10619136.00245806,3532875.2053865157,1
22:15:30,least_utilized,B,10945122.151414417,3639127.936299571,1
22:15:32,least_utilized,B,10984844.543563113,3666717.551161101,1
22:15:34,least_utilized,B,11082280.983414417,3685473.473851819,1
22:15:36,least_utilized,B,10291916.510154167,3430122.074429086,1
22:15:38,least_utilized,B,10300924.055353843,3435819.392702275,1
22:15:40,least_utilized,B,10429761.227604426,3474592.7021381436,1
22:54:07,round_robin,A,0,0,0
22:54:09,round_robin,B,6050441.785694869,2105979.434403609,1
22:54:12,round_robin,A,12080921.659440171,4070919.854177946,2
22:54:14,round_robin,B,13568743.838369796,4408775.598939887,3
22:54:17,round_robin,A,14673271.817241503,4755760.900702315,4
22:54:19,round_robin,B,14545753.538132276,4890669.612245267,5
22:54:21,round_robin,A,13155337.51276827,4734964.863998445,6
22:54:24,round_robin,B,11340479.42204419,3775224.860206198,7
22:54:26,round_robin,A,10925735.394894373,3673975.7218887173,8
22:54:29,round_robin,B,12191189.296677483,4063423.0384438694,9
22:54:31,round_robin,A,11198090.728236627,3801599.5108279777,10
22:54:33,round_robin,B,12290362.641561808,3997072.295279562,11
22:54:36,round_robin,A,11400979.366715346,3778419.105872455,12
22:54:38,round_robin,B,12466532.029792428,4349154.804722074,13
22:54:41,round_robin,A,13087371.574189918,4489835.918885396,14
22:54:43,round_robin,B,13810633.556517204,4694214.055659943,15
22:54:45,round_robin,A,14848590.277558489,4626647.992927548,16
22:54:48,round_robin,B,14172025.192058882,4773044.930028574,17
22:54:50,round_robin,A,13196828.300545277,4405289.105592479,18
22:54:53,round_robin,B,12526385.93039329,4346498.223931792,19
22:54:55,round_robin,A,14287173.518981092,4845050.929907427,20
22:54:57,round_robin,B,13982070.629116604,4826730.497618121,21
22:55:00,round_robin,A,14162597.792568354,4545821.50312351,22
22:55:02,round_robin,B,14430188.8998515,4545216.559901457,23
22:58:56,round_robin,A,0,0,0
22:58:59,round_robin,B,14457804.007969769,4977650.196210108,1
22:59:01,round_robin,A,13920767.594408723,4432869.80415392,2
22:59:03,round_robin,B,14940499.51969684,4585473.302291713,3
22:59:06,round_robin,A,13451608.234750194,5058082.982086678,4
22:59:08,round_robin,B,14664246.66825301,4626715.262503878,5
22:59:10,round_robin,A,14737238.878061302,4680884.096620375,6
22:59:13,round_robin,B,14167503.094313469,4470114.253354901,7
22:59:15,round_robin,A,13189653.520095712,4310811.984407985,8
22:59:17,round_robin,B,13695074.197462818,4343789.9053114,9
22:59:20,round_robin,A,13505599.990978595,4373923.025573345,10
22:59:22,round_robin,B,13295291.278215945,4195483.827395397,11
22:59:24,round_robin,A,13500168.299654815,4164971.0907496973,12
22:59:27,round_robin,B,15513008.878779791,5427882.998249365,13
22:59:29,round_robin,A,14128067.508564077,4857630.816153475,14
22:59:32,round_robin,B,12592324.574066343,4312109.976647417,15
22:59:34,round_robin,A,14350362.099739444,4692045.85243546,16
22:59:36,round_robin,B,14656688.587564047,4563137.154871596,17
22:59:39,round_robin,A,14077887.187653536,4522432.119645683,18
22:59:41,round_robin,B,14202444.347306341,4561961.520637918,19
22:59:43,round_robin,A,13670052.077521458,4561356.974936958,20
22:59:46,round_robin,B,13544050.328663457,4109740.331835118,21
22:59:48,round_robin,A,14193879.90945909,4386648.389163044,22
22:59:50,round_robin,B,12947996.843582675,4385573.087730844,23
22:59:53,round_robin,A,12741480.98184183,4370852.900556975,24
22:59:55,round_robin,B,13328594.020472163,4573326.464429901,25
23:01:56,round_robin,A,0,0,0
23:01:58,round_robin,B,13450827.284752237,4482281.744060184,1
23:02:00,round_robin,A,13909599.414888462,4521142.301341463,2
23:02:03,round_robin,B,13283571.2126627,4289606.975910781,3
23:02:05,round_robin,A,14166676.404807711,4564380.982190137,4
23:02:07,round_robin,B,14804510.156748913,4718527.227235002,5
23:02:10,round_robin,A,14691934.486954655,4694016.531493583,6
23:02:12,round_robin,B,14712171.40954065,5122770.660322337,7
23:02:15,round_robin,A,13958117.089345198,4887625.878607662,8
23:02:17,round_robin,B,12869390.70763884,4556947.151870924,9
23:02:19,round_robin,A,13872053.219813375,4747343.357779749,10
23:02:22,round_robin,B,12588034.040626012,4403740.889249673,11
23:02:24,round_robin,A,13430305.14916971,4392570.058708347,12
23:02:26,round_robin,B,13834614.518999446,4450508.116709348,13
23:02:29,round_robin,A,13385665.7415308,4432966.577971522,14
23:02:31,round_robin,B,13631531.528211895,4152742.1138828346,15
23:02:33,round_robin,A,13424427.610318538,4399884.761855169,16
23:02:36,round_robin,B,12717843.88762528,4487904.61799762,17
23:02:38,round_robin,A,13411829.811106678,4726861.169737038,18
23:02:40,round_robin,B,14286274.23398648,4836176.046164984,19
23:02:43,round_robin,A,13424439.189447962,4712071.789754771,20
23:02:45,round_robin,B,13965587.323197234,4373344.614495539,21
23:02:47,round_robin,A,13336365.980571318,4522015.748684576,22
23:02:50,round_robin,B,13799257.829993961,4487962.427782526,23
23:02:52,round_robin,A,13469932.146328634,4420982.6531897485,24
23:02:55,round_robin,B,12821156.217589533,4080635.4582517934,25
23:06:11,least_utilized,A,0,0,0
23:06:14,least_utilized,B,13800566.633844515,4389514.976615736,1
23:06:16,least_utilized,B,12076346.80676018,4217178.783665607,1
23:06:18,least_utilized,B,13538236.97578857,4326228.051901659,1
23:06:21,least_utilized,B,12427822.194130832,4199063.4172256235,1
23:06:23,least_utilized,B,13570377.026536576,4463557.734298163,1
23:06:26,least_utilized,B,12722458.70655102,4368711.953064786,1
23:06:28,least_utilized,B,13501909.672069212,4349704.346463256,1
23:06:30,least_utilized,B,14673181.029056225,4763369.499305557,1
23:06:33,least_utilized,B,14043491.587731924,4780649.758418687,1
23:06:35,least_utilized,B,13128480.886506597,4355566.504740986,1
23:06:37,least_utilized,B,14896125.326373938,4963223.562224678,1
23:06:40,least_utilized,B,12025870.875293845,3870531.440873732,1
23:06:42,least_utilized,B,13530123.628476832,4625866.029712496,1
23:06:45,least_utilized,B,13777587.12021608,4741841.396999631,1
23:06:47,least_utilized,B,14133289.060502242,5065437.357579663,1
23:06:49,least_utilized,B,14123918.051702429,4790740.597306028,1
23:06:52,least_utilized,B,14354773.840022132,4653870.998487008,1
23:06:54,least_utilized,B,12973758.161726598,4490117.319732742,1
23:06:56,least_utilized,B,11696704.181564944,3887907.3747064257,1
23:06:59,least_utilized,B,14325978.71525834,4491806.995167416,1
23:07:01,least_utilized,B,13663055.865913272,4628898.766386651,1
23:07:04,least_utilized,B,12259166.672527231,4324511.494403683,1
23:07:06,least_utilized,B,11810875.489513358,4036758.1915801773,1
23:07:08,least_utilized,B,13160985.447592124,4346491.101669103,1
23:07:11,least_utilized,B,14732738.37895643,4981756.035331004,1
23:09:10,least_utilized,A,0,0,0
23:09:12,least_utilized,B,10266294.855564842,3413722.0716292015,1
23:09:14,least_utilized,B,10097839.240844613,3372473.0187206194,1
23:09:16,least_utilized,B,9779925.348362844,3272434.7492646435,1
23:09:18,least_utilized,B,9453164.039794099,3147400.237828883,1
23:09:20,least_utilized,B,10028602.713788284,3338668.4907121486,1
23:09:22,least_utilized,B,10304638.533976912,3432205.2215428543,1
23:09:24,least_utilized,B,9857316.40214981,3284635.238138031,1
23:09:26,least_utilized,B,10071536.242632646,3349806.756950586,1
23:09:28,least_utilized,B,9940132.97766637,3329382.2244402473,1
23:09:30,least_utilized,B,10321569.473720025,3431891.3257892826,1
23:09:32,least_utilized,B,10322094.961358035,3431115.751824518,1
23:09:35,least_utilized,B,10644932.793051928,3570409.7241478493,1
23:09:37,least_utilized,B,10458515.02457468,3464920.01343243,1
23:09:39,least_utilized,B,9685877.269632075,3241616.835304638,1
23:09:41,least_utilized,B,9702702.781946154,3224173.2875772133,1
23:09:43,least_utilized,B,10264439.953863202,3431011.166450986,1
23:09:45,least_utilized,B,9883124.712965567,3289057.2048281888,1
23:09:47,least_utilized,B,9402306.407983003,3131748.149129316,1
23:09:49,least_utilized,B,9406540.26390105,3126629.9289890863,1
23:09:51,least_utilized,B,9302058.997439656,3126095.9074152946,1
23:09:53,least_utilized,B,9667613.796714569,3206048.7295568157,1
23:09:55,least_utilized,B,9490561.294469593,3151970.6311920327,1
23:09:57,least_utilized,B,10105963.936434703,3377475.826590364,1
23:10:00,least_utilized,B,9594840.497609537,3201590.290437945,1
23:10:02,least_utilized,B,9501058.68259693,3155229.4480598047,1
23:10:04,least_utilized,B,9431923.599246265,3152648.089681075,1
23:10:06,least_utilized,B,9786291.395447997,3252824.742452981,1
23:10:08,least_utilized,B,10373004.842378825,3459025.286663159,1
23:11:48,least_utilized,A,0,0,0
23:11:51,least_utilized,B,12414017.560830394,4270441.5757526895,1
23:11:53,least_utilized,B,14527498.397439454,4952321.211970215,1
23:11:55,least_utilized,B,12813163.947499678,4323445.293060357,1
23:11:58,least_utilized,B,13638072.25314131,4256749.075875441,1
23:12:00,least_utilized,B,12241741.2037579,3997518.1065553483,1
23:12:03,least_utilized,B,13161078.505452199,4626517.666083053,1
23:12:05,least_utilized,B,12341294.805231871,3953565.7029344686,1
23:12:07,least_utilized,B,13040550.581432905,4049213.5791732906,1
23:12:10,least_utilized,B,13839187.9282443,4286461.532551817,1
23:12:12,least_utilized,B,12982946.707919916,4200561.721780843,1
23:12:14,least_utilized,B,13649014.743251763,4481896.175487482,1
23:12:17,least_utilized,B,13933014.497714885,4484945.633066181,1
23:12:19,least_utilized,B,13769900.282794388,4427216.540920818,1
23:12:22,least_utilized,B,13549845.95442125,4818799.684525517,1
23:12:24,least_utilized,B,12609459.051743161,4297333.47754667,1
23:12:26,least_utilized,B,13575627.945153153,4636274.904335536,1
23:12:29,least_utilized,B,14183972.202458339,4755942.969056401,1
23:12:31,least_utilized,B,14838784.643043889,4646506.441868442,1
23:12:33,least_utilized,B,12180771.896308126,4028539.9098097323,1
23:12:36,least_utilized,B,13768495.014009032,4532858.169792544,1
23:12:38,least_utilized,B,13916839.439827474,4516428.293234421,1
23:12:40,least_utilized,B,13705744.308973476,4339609.167619969,1
23:12:43,least_utilized,B,14494253.551911026,4799490.4874520665,1
23:12:45,least_utilized,B,13924018.678376852,4790648.533511513,1
23:12:48,least_utilized,B,13250953.660023961,4622788.325676406,1
23:16:14,ecmp,A,0,0,0
23:16:16,ecmp,A,11704980.620790029,3974447.6658871584,0
23:16:18,ecmp,A,15301101.508108579,5650756.994617027,0
23:16:21,ecmp,A,14675905.798999809,4561737.640853881,0
23:16:23,ecmp,A,13307905.952197442,4375040.856673581,0
23:16:25,ecmp,A,13720734.460061053,4580898.330413816,0
23:16:28,ecmp,A,13537924.273845369,4851880.842265975,0
23:16:30,ecmp,A,13655109.453613332,4430929.515352817,0
23:16:33,ecmp,A,13945817.113630628,4504689.288553057,0
23:16:35,ecmp,A,14926083.048963051,5420641.833331234,0
23:16:37,ecmp,A,13507078.684030412,4801561.473330415,0
23:16:40,ecmp,A,13174059.493359206,4859194.047521397,0
23:16:42,ecmp,A,13695066.671429714,4880571.879815769,0
23:16:44,ecmp,A,13325431.160410674,4710492.487076961,0
23:16:47,ecmp,A,14505315.455051096,5036897.666553754,0
23:16:49,ecmp,A,12953477.745264338,4781180.04258562,0
23:16:51,ecmp,A,14414248.177132484,5059963.134291087,0
23:16:54,ecmp,A,13527903.909774182,4362093.955472602,0
23:16:56,ecmp,A,14288214.840353003,4519123.83336257,0
23:16:58,ecmp,A,14899790.651908753,4742621.153272209,0
23:17:01,ecmp,A,14193244.67903014,4408397.131088109,0
23:17:03,ecmp,A,13664327.856240535,4633247.311025342,0
23:17:05,ecmp,A,14444798.288391102,4990972.200054499,0
23:17:08,ecmp,A,13654649.47543799,4674491.61928478,0
23:17:10,ecmp,A,14232476.936101466,5157757.438274409,0
23:17:12,ecmp,A,13490561.181490676,4367030.424629038,0
23:20:14,ecmp,A,0,0,0
23:20:16,ecmp,A,14039844.84954347,4908695.869587859,0
23:20:19,ecmp,A,12746751.708755953,4387472.301909721,0
23:20:21,ecmp,A,12937110.896790534,4257369.600956263,0
23:20:24,ecmp,A,14270310.610924188,5055088.791106093,0
23:20:26,ecmp,A,11584187.141607808,3864881.052194747,0
23:20:28,ecmp,A,11526982.445339123,3844225.9240590613,0
23:20:31,ecmp,A,11979934.482167676,4194205.3813275294,0
23:20:33,ecmp,A,12079776.596545065,4153068.812132908,0
23:20:36,ecmp,A,11965439.07812885,3748702.5950600146,0
23:20:38,ecmp,A,11188715.721055172,3779051.402771751,0
23:20:40,ecmp,A,11908362.692848515,3882932.9804316876,0
23:20:43,ecmp,A,13674635.542224782,4499933.840142703,0
23:20:45,ecmp,A,12921806.237275086,4429781.126041349,0
23:20:48,ecmp,A,13990082.791865211,4869635.9812872745,0
23:20:50,ecmp,A,15225888.893447028,5245513.817134086,0
23:20:52,ecmp,A,14838882.110474939,5222334.338752594,0
23:20:55,ecmp,A,12481405.199525172,4249927.820897653,0
23:20:57,ecmp,A,13485974.109883143,4688139.023207349,0
23:21:00,ecmp,A,14252076.601957181,4843298.236801165,0
23:21:02,ecmp,A,13998330.29598016,4796338.554528298,0
23:21:04,ecmp,A,13227763.957015136,4489253.50549477,0
23:21:07,ecmp,A,14145727.842868812,4632342.341512135,0
23:21:09,ecmp,A,14249835.60445895,4721160.048460869,0
23:21:11,ecmp,A,13847229.55339245,4955888.01476636,0
23:21:14,ecmp,A,14196923.061834177,5015133.76969701,0
23:23:03,ecmp,A,0,0,0
23:23:05,ecmp,A,10415959.703088662,3478470.2323529925,0
23:23:07,ecmp,A,8573305.002660902,2863253.8910024986,0
23:23:09,ecmp,A,10059289.316112122,3345773.808586899,0
23:23:11,ecmp,A,9347043.711822798,3120886.8740538396,0
23:23:13,ecmp,A,10025084.373781284,3349841.694526745,0
23:23:16,ecmp,A,10160528.007159783,3374566.031999226,0
23:23:18,ecmp,A,9501518.148897009,3167404.186993168,0
23:23:20,ecmp,A,9173383.505083293,3051100.3599400064,0
23:23:22,ecmp,A,8752435.229580285,2922007.6192045812,0
23:23:24,ecmp,A,9101203.545320772,3037142.7217859784,0
23:23:26,ecmp,A,8894245.176021704,2960429.7365544583,0
23:23:28,ecmp,A,9943196.304240469,3315544.999332266,0
23:23:30,ecmp,A,8882038.00246723,2957992.9366730647,0
23:23:32,ecmp,A,9213501.963761305,3068378.9035194484,0
23:23:34,ecmp,A,9795867.088035425,3269914.9865755416,0
23:23:36,ecmp,A,10189057.909859203,3398072.323352932,0
23:23:39,ecmp,A,9639694.407638928,3208227.747003299,0
23:23:41,ecmp,A,8605089.133015158,2864643.354986837,0
23:23:43,ecmp,A,8383937.645823843,2798900.4350395366,0
23:23:45,ecmp,A,8529789.729269924,2840783.1910928003,0
23:23:47,ecmp,A,9628285.957019622,3218132.012016945,0
23:23:49,ecmp,A,9316439.943564227,3109448.1342148166,0
23:23:51,ecmp,A,9471487.43852554,3151664.683050384,0
23:23:53,ecmp,A,9651700.958561474,3232496.1670334237,0
23:23:55,ecmp,A,10027359.734070739,3321681.617432497,0
23:23:57,ecmp,A,9919721.96676214,3296235.3639316605,0
23:23:59,ecmp,A,10122866.58159939,3391266.5540645192,0
23:24:02,ecmp,A,10260364.161953205,3410548.8656787,0
23:29:17,weighted_history,A,0,0,0
23:29:19,weighted_history,B,12677608.799364848,4401835.244795512,1
23:29:22,weighted_history,B,14185862.001153272,4581754.129263216,1
23:29:24,weighted_history,B,12708949.808970192,4257878.05015447,1
23:29:26,weighted_history,B,13559042.698821917,4749941.475750514,1
23:29:29,weighted_history,B,13443712.078843601,4378291.56526483,1
23:29:31,weighted_history,B,13830666.768977825,4841366.064868256,1
23:29:33,weighted_history,B,14604321.366751518,5307312.768590046,1
23:29:36,weighted_history,B,13123705.589597903,4196195.25902541,1
23:29:38,weighted_history,B,13592108.42144592,4383016.974141713,1
23:29:40,weighted_history,B,13651148.542663055,4605587.626968234,1
23:29:43,weighted_history,B,14956472.372235699,4924363.972198748,1
23:29:45,weighted_history,B,13685843.332802147,4357043.451488208,1
23:29:47,weighted_history,B,13615831.522974273,4340451.832614185,1
23:29:50,weighted_history,B,15086511.799375687,4889336.404131504,1
23:29:52,weighted_history,B,12895943.32955009,4169914.5577878337,1
23:29:55,weighted_history,B,14500402.740001079,4715445.011713958,1
23:29:57,weighted_history,B,12284602.796715269,4073019.2004872365,1
23:29:59,weighted_history,B,12064825.111463191,4060707.840617905,1
23:30:02,weighted_history,B,12722693.894566754,4139124.8238413874,1
23:30:04,weighted_history,B,14766789.096444631,4755203.282619434,1
23:30:06,weighted_history,B,12894139.159745673,4396833.469026555,1
23:30:09,weighted_history,B,14456041.77325638,4549802.665132167,1
23:30:11,weighted_history,B,15031045.268755747,4896727.801919285,1
23:30:13,weighted_history,B,14086128.638498977,4401645.89742024,1
23:30:16,weighted_history,B,13891905.058682173,4580217.933098321,1
23:32:13,weighted_history,A,0,0,0
23:32:16,weighted_history,B,14386172.161173565,4920964.686956508,1
23:32:18,weighted_history,B,12317831.99047754,4212241.9729544455,1
23:32:21,weighted_history,B,13431863.12024578,4380852.38834872,1
23:32:23,weighted_history,B,13704129.825862713,4316201.068733113,1
23:32:25,weighted_history,B,13716019.865761537,4478045.83669834,1
23:32:28,weighted_history,B,13097002.743463626,4311168.710890366,1
23:32:30,weighted_history,B,14536458.368410084,4623284.571689016,1
23:32:32,weighted_history,B,13203471.058205087,4523316.820079255,1
23:32:35,weighted_history,B,13846829.196548795,4729011.6127267685,1
23:32:37,weighted_history,B,14267657.667952051,4874648.63287044,1
23:32:40,weighted_history,B,13517736.938386234,4380305.204603668,1
23:32:42,weighted_history,B,14503893.552657222,4684013.829685597,1
23:32:44,weighted_history,B,13719837.99421159,4578463.947922054,1
23:32:47,weighted_history,B,12874981.007395945,4169890.8954880536,1
23:32:49,weighted_history,B,12688841.38908285,4224058.719947544,1
23:32:52,weighted_history,B,12080325.863442084,3862601.405260395,1
23:32:54,weighted_history,B,13021879.034863839,4424674.806210529,1
23:32:57,weighted_history,B,14040776.945173413,4596377.86182082,1
23:32:59,weighted_history,B,14083367.456464365,4448614.730526226,1
23:33:01,weighted_history,B,12823838.817451349,4193893.7154536014,1
23:33:04,weighted_history,B,14474654.741503054,4494495.717549734,1
23:33:06,weighted_history,B,14068398.256421223,4560083.56381743,1
23:33:08,weighted_history,B,13440265.92112398,4268126.95274324,1
23:33:11,weighted_history,B,12736316.09371594,4578113.609850448,1
23:33:13,weighted_history,B,12988798.09178545,4599987.60164527,1
23:34:46,weighted_history,A,0,0,0
23:34:48,weighted_history,B,8929969.296574648,2968087.4163122536,1
23:34:50,weighted_history,B,9418119.973461524,3135246.5155336126,1
23:34:52,weighted_history,B,9217603.453287346,3075090.396809764,1
23:34:54,weighted_history,B,9933380.96517905,3305509.3689475944,1
23:34:57,weighted_history,B,9630378.671304673,3208777.7392901652,1
23:34:59,weighted_history,B,9880578.377116257,3295803.4576291097,1
23:35:01,weighted_history,B,9663348.97204165,3209612.4394379533,1
23:35:03,weighted_history,B,9990677.705290904,3342846.9043872757,1
23:35:05,weighted_history,B,9875812.924611699,3290533.0986357075,1
23:35:07,weighted_history,B,10484045.115451887,3494287.5009746123,1
23:35:09,weighted_history,B,10341904.76860378,3445659.936573915,1
23:35:11,weighted_history,B,10244298.87561669,3413384.962571726,1
23:35:13,weighted_history,B,10298598.878255589,3422745.796206671,1
23:35:15,weighted_history,B,10160304.47603767,3396604.9508951055,1
23:35:17,weighted_history,B,9532590.410492381,3181959.47739863,1
23:35:19,weighted_history,B,9996961.009169891,3323976.017171043,1
23:35:22,weighted_history,B,9749513.472386777,3248760.6539708287,1
23:35:24,weighted_history,B,9961417.399074262,3321820.8509356203,1
23:35:26,weighted_history,B,9649908.1654024,3215747.778426515,1
23:35:28,weighted_history,B,9295799.59052919,3099924.6360354936,1
23:35:30,weighted_history,B,10178898.43210028,3395198.0741555556,1
23:35:32,weighted_history,B,10085293.635215947,3371763.0957842306,1
23:35:34,weighted_history,B,10388260.89232709,3450112.824980345,1
23:35:36,weighted_history,B,9641319.663364803,3212898.3251999733,1
23:35:38,weighted_history,B,9346958.007703412,3125061.2758427863,1
23:35:40,weighted_history,B,10361639.391473144,3456395.411162786,1
23:35:42,weighted_history,B,10087684.337319823,3349086.712420836,1
23:35:44,weighted_history,B,10364571.5482702,3466184.8364969413,1
05:08:53,weighted_history,A,0,0,0
05:08:57,weighted_history,B,2107796.426176052,692844.5753133029,1
05:09:00,weighted_history,B,3587064.2515826193,1238373.6238138953,1
05:09:04,weighted_history,B,4529348.165435075,1425706.73480774,1
05:09:07,weighted_history,B,4148425.9246492023,1315873.7292251782,1
05:09:10,weighted_history,B,4540601.520742288,1616728.9306490517,1
05:09:13,weighted_history,B,3840482.6199127818,1327293.9285628158,1
05:09:16,weighted_history,B,4025895.8114367975,1241947.6130696682,1
05:09:19,weighted_history,B,4553022.001301843,1574443.6348172415,1
05:09:22,weighted_history,B,4805653.88529722,1571926.583498759,1
05:09:25,weighted_history,B,5100115.691322004,1770791.3273586985,1
05:09:29,weighted_history,B,4811791.651988299,1785206.7529214348,1
05:09:32,weighted_history,B,4092833.606095106,1345442.643825451,1
05:09:35,weighted_history,B,4939675.679947127,1647463.0809119288,1
05:09:38,weighted_history,B,4511363.55021987,1465374.6455416174,1
05:09:41,weighted_history,B,4417859.001965438,1369628.7034944356,1
05:09:44,weighted_history,B,5706467.617838671,1917238.3163415466,1
05:09:46,weighted_history,B,4585910.5540709365,1523121.0638951045,1
23:46:33,round_robin,A,0,0,0
23:46:36,round_robin,B,4797987.823785068,1660404.894271276,1
23:46:38,round_robin,A,9554111.790922659,3384757.00165247,2
23:46:41,round_robin,B,10103628.880944364,3298806.5354689835,3
23:46:44,round_robin,A,8520453.779879041,2822872.70043615,4
23:46:46,round_robin,B,8350834.145521065,2755221.301076223,5
23:46:49,round_robin,A,8534971.210886156,2925591.8606090927,6
23:46:51,round_robin,B,9226447.46644414,3254965.4208098226,7
23:46:54,round_robin,A,9087944.218975613,3154526.85280402,8
23:46:56,round_robin,B,9444197.797306068,3263327.2036722014,9
23:46:59,round_robin,A,9386660.174611187,3257418.6266523586,10
23:47:01,round_robin,B,9638171.785142012,3342961.7159767156,11
23:47:04,round_robin,A,9518073.785357429,3115008.1621852154,12
23:47:06,round_robin,B,10477300.796280202,3376357.235631012,13
23:47:09,round_robin,A,9588346.288516516,3252771.1002284554,14
23:47:11,round_robin,B,10252845.133335296,3266674.18844055,15
23:47:14,round_robin,A,9705893.808248732,3222094.933834614,16
23:47:17,round_robin,B,9646242.03838794,3171637.586683149,17
23:47:19,round_robin,A,9559984.182867317,3090208.174560077,18
23:47:22,round_robin,B,9729973.251990449,3409451.032887006,19
23:47:24,round_robin,A,9812046.604544118,3204724.41602778,20
23:47:27,round_robin,B,9741443.434255911,3170380.9804409742,21
23:47:29,round_robin,A,9696012.948675254,3397102.3408850594,22
23:49:29,least_utilized,A,0,0,0
23:49:32,least_utilized,B,8341331.970438946,2424334.268568423,1
23:49:34,least_utilized,B,8385332.651130667,2519250.032606242,1
23:49:37,least_utilized,B,8252483.644434673,2784851.6611596057,1
23:49:39,least_utilized,B,8407068.14849203,2939496.33591113,1
23:49:42,least_utilized,B,8457024.141733522,2454274.558119472,1
23:49:44,least_utilized,B,8018685.603870354,3073140.954218326,1
23:49:47,least_utilized,B,7616125.128270517,2861553.110028516,1
23:49:50,least_utilized,B,8096504.128570924,3008998.4006075505,1
23:49:52,least_utilized,B,7840777.563950805,2971474.029884035,1
23:49:55,least_utilized,B,7949642.033847155,3117538.956269661,1
23:49:57,least_utilized,B,7825184.401821108,3032002.9476054003,1
23:50:00,least_utilized,B,8173017.530112135,2976584.8667410323,1
23:50:03,least_utilized,B,8239032.775600689,2263459.6878763125,1
23:50:05,least_utilized,B,8134639.991441614,2379880.016370641,1
23:50:08,least_utilized,B,8003759.433936382,2332586.9442690713,1
23:50:10,least_utilized,B,7687157.729493601,2942891.5264248666,1
23:50:13,least_utilized,B,7992951.597359038,3044923.642610448,1
23:50:15,least_utilized,B,7891594.128547348,3003422.0027947444,1
23:50:18,least_utilized,B,8503780.402616084,2322897.4709637975,1
23:50:20,least_utilized,B,7528429.960625482,3077668.307680384,1
23:50:23,least_utilized,B,13696675.111564241,5241971.943018375,1
23:50:26,least_utilized,B,8392436.089504903,2375243.6689251456,1
23:50:29,least_utilized,B,8065564.263259149,2295845.6184700434,1
23:52:02,ecmp,A,0,0,0
23:52:05,ecmp,A,9070509.845616514,3191238.780568958,0
23:52:07,ecmp,A,8363810.150728304,2941220.0794315725,0
23:52:10,ecmp,A,8601983.99690989,3069194.0738339736,0
23:52:12,ecmp,A,8689060.792459145,3046837.56511599,0
23:52:15,ecmp,A,8700990.422217065,2979609.633229885,0
23:52:17,ecmp,A,8634262.919043778,3005581.955777166,0
23:52:20,ecmp,A,8692293.76260238,2932556.762324442,0
23:52:23,ecmp,A,8709923.089189673,3029304.5238888604,0
23:52:25,ecmp,A,8755977.164294077,2978534.1711368915,0
23:52:28,ecmp,A,8755262.556700928,2805993.9687428633,0
23:52:30,ecmp,A,8724377.018273074,3012263.2444978883,0
23:52:33,ecmp,A,8938970.303962752,2919328.154596141,0
23:52:35,ecmp,A,8848319.365282346,2935700.1752475644,0
23:52:38,ecmp,A,8974932.034480622,3077623.4467575722,0
23:52:41,ecmp,A,8403551.14003293,2681699.8193729594,0
23:52:43,ecmp,A,8069510.327873257,2768394.6765863844,0
23:52:46,ecmp,A,7918179.217715495,2770777.99885324,0
23:52:48,ecmp,A,8093186.476130727,2489936.8042805437,0
23:52:51,ecmp,A,8071642.41675295,2916260.166809961,0
23:52:53,ecmp,A,7697093.330749296,2641037.263900461,0
23:52:56,ecmp,A,8333355.301498732,3027354.373952939,0
23:52:59,ecmp,A,7572314.257779629,2636284.178829906,0
23:53:01,ecmp,A,8147778.934530903,2851206.5531557724,0
23:54:06,weighted_history,A,0,0,0
23:54:09,weighted_history,B,8198536.876446348,2690946.422281641,1
23:54:12,weighted_history,B,6660324.164738997,2001245.0969701193,1
23:54:15,weighted_history,B,6856111.6298157275,2122731.6450788914,1
23:54:17,weighted_history,B,7799530.3892646665,2677400.339146186,1
23:54:20,weighted_history,B,8928318.527274447,2816433.168589998,1
23:54:22,weighted_history,B,8569924.973132076,2853185.3119952665,1
23:54:25,weighted_history,B,8759773.470117703,2997832.9012179268,1
23:54:27,weighted_history,B,8416600.338602081,2921624.5878194403,1
23:54:30,weighted_history,B,8292280.080297296,2638432.042169789,1
23:54:33,weighted_history,B,7972016.720789535,2580061.5402203333,1
23:54:35,weighted_history,B,8400435.950524678,2677614.066819982,1
23:54:38,weighted_history,B,8542940.453385072,2935439.3214626256,1
23:54:40,weighted_history,B,8122234.212684313,2879105.4900296447,1
23:54:43,weighted_history,B,8542006.464700758,2758708.6148363324,1
23:54:45,weighted_history,B,8575802.92440371,2725541.7223210344,1
23:54:48,weighted_history,B,8083646.565577498,2511036.310448276,1
23:54:51,weighted_history,B,8648369.401869044,2770619.3184630563,1
23:54:53,weighted_history,B,8366587.918167332,2802006.8394970703,1
23:54:56,weighted_history,B,8775764.804869095,3036788.203526305,1
23:54:59,weighted_history,B,8307468.930086592,2855635.963230001,1
23:55:01,weighted_history,B,8240730.14769298,2544888.9602107424,1
23:55:04,weighted_history,B,8631229.15657691,2796758.9711877317,1
23:55:06,weighted_history,B,9580569.926350601,3110553.3730347874,1
